country,year,fatal_pc_km,fatal_mIn,accid_adj_pc_km,p_km,croad_inv_km,croad_maint_km,prop_motorwa,populat,unemploy,petrol_car,alcohol,mot_index_1000,den_populat,cgdp,cgdp_cap,precipit,prop_elder,dps,freight
Austria,1998,1.09482038,93.09,224.1825,1.818621726,5523,3.835497156,1.52,6.901519184,4.7,1.47,12.9,487.64,95.04,15.44507463,34959.08,1374.86,15.36,0,1.495544338
Austria,1999,1.126780577,102.6,224.1825,1.826787239,5012.59,3.829760346,1.54,6.90213686,4.2,1.38,12.8,502.35,95.18,15.44068873,34558.19,1429.48,15.41,0,1.543819805
Austria,2000,1.092720645,94.85,224.1825,1.830396176,5937.96,3.802875619,1.53,6.903208696,3.9,1.42,13.2,511.99,95.41,15.45505815,35632.89,1329.12,15.42,0,1.557747742
Austria,2001,1.081347308,92.51,224.1825,1.833147112,7821.22,3.803166123,1.54,6.904225647,4,1.49,12.4,521.38,95.64,15.45594064,35622.19,1138.35,15.43,0,1.585799009
Austria,2002,1.048053173,85.69,224.1825,1.838597253,6387.88,3.547914936,1.54,6.906531184,4.4,1.73,12.5,494.44,96.14,15.45910588,35692.52,1308.67,15.49,0,1.596597096
Austria,2003,1.051923916,87.4,224.1825,1.844725628,7705.6,3.662819195,1.56,6.90849971,4.8,1.82,12.2,500.48,96.58,15.46682315,36167.35,982.83,15.44,0,1.608097946
Austria,2004,1.011993115,79.34,224.1825,1.848866211,8332.48,3.724388935,1.56,6.910761714,5.5,1.81,12.1,504.63,97.09,15.47866748,36975.15,1108.93,15.49,0,1.604118006
Austria,2005,0.955206538,69.01,224.1825,1.854670332,7776.7,3.700328955,1.56,6.913885876,5.6,1.86,12.4,506.87,97.79,15.49082901,37752.4,1115.98,15.95,1,1.580240508
Austria,2006,0.928395852,64.21,221.35,1.856668484,8935.1,3.741609298,1.56,6.916680197,5.3,1.79,12.4,509.43,98.42,15.50328666,38602.3,1161.19,16.45,1,1.604118006
Austria,2007,0.913283902,62.54,205.74,1.863441829,9370.59,3.718967289,1.56,6.918186875,4.9,1.8,12.5,512.62,98.76,15.52077166,40047.84,1258.92,16.89,1,1.584331224
Austria,2008,0.88592634,58.98,209.56,1.870871895,9133.03,3.688012925,1.56,6.919495965,4.1,1.72,12,515.77,99.06,15.52053593,39906.24,1320.21,17.14,1,1.547897718
Austria,2009,0.865103975,55.19,196.42,1.867349617,6807.48,3.722897052,1.54,6.920905813,5.3,1.65,11.3,523.1,99.38,15.51160265,38966.98,1411.63,17.39,1,1.478277832
Austria,2010,0.818885415,49.21,191.98,1.871981354,3775.72,3.733427597,1.5,6.921771974,4.8,1.68,12.1,531.75,99.58,15.51440164,39140.48,1337.01,17.64,1,1.472171147
Austria,2011,0.789580712,45.85,174.36,1.877659244,2606.96,3.628520731,1.38,6.922993372,4.6,1.59,11.9,538.86,99.86,15.52146499,39671.26,1031.38,17.64,1,1.470410491
Austria,2012,0.786751422,45.19,168.15,1.875928985,2751.51,3.638613038,1.38,6.924699005,4.9,1.57,12.1,545.19,100.25,15.52382448,39730.76,1262.05,17.8,1,1.432809005
Austria,2013,0.743509765,40.23,200.69,1.879898324,2979.99,3.661814578,1.38,6.926952346,5.4,1.62,11.6,549.15,100.77,15.51948672,39131.66,1398.41,18.07,1,1.401572846
Austria,2014,0.699837726,36.08,181.71,1.889805752,3665.31,3.732218398,1.38,6.929816608,5.6,1.58,12.2,551.84,101.44,15.52505777,39376.63,1420.74,18.3,1,1.419294722
Austria,2015,0.738780558,40.89,172.46,1.899546931,3240.39,3.692780845,1.22,6.933736607,5.7,1.6,11.4,553.07,102.36,15.53653319,40067.88,1084.51,18.45,1,1.42258984
Austria,2016,0.698970004,37.01,168.32,1.910837765,3124.58,3.6907302,1.22,6.939542814,6,1.62,11.7,554.17,103.74,15.54733157,40531.18,1345.36,18.45,1,1.433609843
Belgium,1998,1.075181855,107.04,224.1825,2.004965887,1443.84,2.694561329,1.15,7.008270707,9.3,1.64,9.92,440.73,260.3775,15.52470761,32842.55,1096.2,16.47,0,1.624282096
Belgium,1999,1.028571253,96.73,224.1825,2.01300585,1505.63,2.735119634,1.15,7.009185351,8.4,1.62,10.1,448.81,260.3775,15.5191846,32358.96,976.8,16.62,0,1.582971929
Belgium,2000,1.057285644,104.21,224.1825,2.015108161,1351.08,2.729156687,1.16,7.010261191,6.9,1.61,11.25,456.88,260.3775,15.53467326,33451.04,1039.93,16.75,0,1.716420734
Belgium,2001,1.040997692,100.65,224.1825,2.018866863,1291.74,2.737041488,1.17,7.01129189,6.6,1.65,11.05,461.83,260.3775,15.53441959,33352.2,1093.1,16.85,0,1.733839001
Belgium,2002,1.003891166,92.44,224.1825,2.024649831,1480.24,2.768053223,1.16,7.013247123,7.5,1.63,11.33,464.32,260.3775,15.5405547,33674.53,1034.95,16.94,0,1.731508184
Belgium,2003,0.974050903,83.33,224.1825,2.014898387,1560.74,2.79018661,1.15,7.015185542,8.2,1.66,11.31,465.53,260.3775,15.54999585,34261.96,740.48,17.02,0,1.712144414
Belgium,2004,0.973589623,83.39,224.1825,2.017158598,1284.99,2.80295151,1.16,7.0168839,8.4,1.71,12.06,468.82,260.3775,15.56656711,35455.11,872.42,17.12,0,1.689131197
Belgium,2005,0.959518377,79.84,224.1825,2.016197354,1246.61,2.806376719,1.15,7.01894391,8.5,1.65,12.21,470.9,260.3775,15.57533797,36007.32,760.7,17.23,0,1.651762447
Belgium,2006,0.945960704,76.49,224.1825,2.015611205,1312.02,2.907626305,1.16,7.021659861,8.3,1.67,10.94,473.39,260.3775,15.58283577,36405.94,915.41,17.21,0,1.643650038
Belgium,2007,0.935003151,75.2,224.1825,2.023540522,1258.96,2.853643465,1.15,7.024671783,7.5,1.69,13.43,477.02,260.3775,15.6005264,37657.42,1042.25,17.1,0,1.634376494
Belgium,2008,0.857935265,62.81,224.1825,2.037187371,1128.51,2.868568033,1.15,7.02803688,7,1.66,10.51,481.02,260.3775,15.59044056,36508.92,943.89,17.06,0,1.59505509
Belgium,2009,0.866877814,63.89,224.1825,2.037705313,1263.82,2.904509977,1.15,7.031532917,7.9,1.63,10.1,482.93,260.3775,15.58524635,35786.18,842.91,17.08,0,1.570192561
Belgium,2010,0.79518459,52.86,224.1825,2.042929733,2434.71,3.110023749,1.14,7.035025516,8.3,1.6,10.27,486.72,260.3775,15.59403878,36225.28,896,17.16,0,1.556302501
Belgium,2011,0.797959644,52.82,224.1825,2.045205586,1678.75,3.024070879,1.14,7.041417913,7.2,1.54,10.14,491.52,260.3775,15.59665207,35911.11,768.86,17.12,0,1.532881719
Belgium,2012,0.782472624,50.29,211.53,2.045870392,3647.54,2.981097959,1.14,7.044378634,7.6,1.48,10.09,491.52,260.3775,15.59862638,35829.95,974.7,17.38,0,1.519959181
Belgium,2013,0.798650645,50.01,211.76,2.026492407,3824.04,2.981655546,1.14,7.046806239,8.4,1.44,10.33,493.22,260.3775,15.59831986,35605.66,863.15,17.59,0,1.5289167
Belgium,2014,0.753583059,45.17,224.1825,2.037864556,2703.44,3.125972213,1.14,7.048474472,8.5,1.46,10.57,496.88,260.3775,15.60694,36179.9,875.18,17.84,0,1.51600623
Belgium,2015,0.771587481,46.72,224.1825,2.033423755,5012.56,3.469144282,1.14,7.050661009,8.5,1.5,10.36,500.44,260.3775,15.61945857,37050.9,792.3,18.07,0,1.569139725
Belgium,2016,0.737192643,41.82,224.1825,2.029951642,5127.97,3.524224707,1.14,7.053505533,7.8,1.5,9.42,505,260.3775,15.62471514,37257.23,907.95,18.24,0,1.558588583
Croatia,1998,1.059184618,40.34,116,1.267171728,19165.27,3.676238963,1.19,6.656750879,11.4,1.25,13.84,220.42,80.24,14.57061298,8201.02,961.06,14.73,1,0.555094449
Croatia,1999,1.080987047,46.38,112.32,1.301029996,18291.78,3.811203552,1.36,6.655854718,13.6,1.25,12.15,233.91,80.07,14.5178686,7278.04,1115.88,14.99,1,0.534026106
Croatia,2000,0.991226076,39.13,117.75,1.322219295,15609.8,4.210270619,1.46,6.65299396,15.6,1.19,14.06,248.79,79.55,14.53119781,7554.43,753.87,15.32,1,0.586587305
Croatia,2001,1.072249898,52.85,117.29,1.342422681,14907.85,3.80898364,1.52,6.633004321,16,1.14,14.56,275.88,75.97,14.55185239,8295.54,1007.6,16.12,1,0.890979597
Croatia,2002,0.949877704,40.41,123.55,1.361727836,29310.65,3.910852163,2.16,6.634023089,15.3,1.17,14.83,285.22,76.15,14.58078817,8846.39,1190.13,16.48,1,0.924795996
Croatia,2003,1.058426024,54.58,129.6,1.371067862,38038.9375,3.986759645,2.66,6.634011993,14.1,1.24,13.8,297.77,76.14,14.60695073,9396.01,720.92,16.83,1,0.965671971
Croatia,2004,1.086003706,61.08,149.66,1.389166084,38038.9375,4.045227893,3.26,6.63404639,13.8,1.24,13.12,308.66,76.15,14.63625715,10051,1094.32,17.08,1,0.992111488
Croatia,2005,1.033021445,54.51,127.71,1.397940009,33047.46,4.028231573,3.57,6.63456412,13,1.23,11.58,318.73,76.24,13.66133934,10635.98,1093.7,17.33,1,1.014100322
Croatia,2006,1.058426024,60.52,127.92,1.414973348,36858.17,3.813656366,3.76,6.6347279,11.6,1.26,11.84,330.67,76.27,14.68628762,11260.6,961.95,17.52,1,1.048441804
Croatia,2007,1.086003706,67.46,137.92,1.431363764,38038.9375,3.808348061,3.98,6.634832924,9.9,1.27,12.28,350.06,76.29,14.71512552,12030.77,1019.71,17.67,1,1.06069784
Croatia,2008,1.011147361,57.98,121.7,1.447158031,38038.9375,3.808000867,4.1,6.634675529,8.6,1.21,12.3,359.7,76.26,14.72745179,12381.69,1026.09,17.83,1,1.080626487
Croatia,2009,0.984977126,53.83,114.89,1.444044796,33837.86,3.728761908,4.24,6.634456815,9.3,1.22,12.07,357.56,76.22,14.69230922,11424.99,1011.48,17.89,1,1.018284308
Croatia,2010,0.860936621,37.42,96.96,1.426511261,18982.03,3.856271402,4.24,6.633756005,11.8,1.19,12.11,353.49,76.1,14.68652902,11292.11,1358.1,17.84,1,0.990338855
Croatia,2011,0.879669206,38.7,92.03,1.418963831,16740.1,3.882344066,4.26,6.632442917,13.7,1.18,12.43,353.86,75.87,14.67600734,11055.11,699.55,17.73,1,0.996949248
Croatia,2012,0.859138297,38.12,77.87,1.433769834,18344.24,3.85431576,4.7,6.631036173,15.8,1.21,11.92,337.93,75.62,14.65463852,10558.41,934.26,17.9,1,0.984527313
Croatia,2013,0.840733235,36.37,74.58,1.433769834,15813.71,3.891663992,4.81,6.629627813,17.4,1.22,11.64,339.74,75.38,14.63982503,10237.67,1150.4,18.14,1,1.005609445
Croatia,2014,0.739572344,27.55,67.47,1.432327792,10411.24,3.981715795,4.82,6.628062831,17.2,1.18,10.64,347.08,75.11,14.63576514,10178.96,1408.52,18.43,1,1.016197354
Croatia,2015,0.767155866,30.29,70.06,1.437592032,8925.96,3.96273717,4.91,6.625859297,16.1,1.23,9.89,354.96,74.73,14.64954903,10560.68,961.22,18.82,1,1.058426024
Croatia,2016,0.77815125,31.26,68.41,1.434249452,7423.57,3.945341528,4.9,6.622283463,13.4,1.22,10.32,370.56,74.12,14.67004165,11162.52,1091.64,19.21,1,1.09131516
Czechia,1998,1.159567193,77.97,162.99,1.783403281,4209.29,3.289912101,0.39,7.012800371,6.5,0.98,13.92,339.15,130.59,14.95014083,8656.49,775.54,13.61,0,1.542949849
Czechia,1999,1.174931594,84.65,159.47,1.801952235,3553.71,3.311866128,0.39,7.012399421,8.7,1.11,13.85,334.32,130.47,14.93138667,8298.23,713.65,13.72,0,1.579326204
Czechia,2000,1.165837625,84.94,141.05,1.812512284,3274.51,3.332305121,0.39,7.011912797,8.8,1.13,13.98,334.59,130.32,10.95808585,8834.31,724.3,13.8,0,1.583312152
Czechia,2001,1.137670537,78.97,149.2,1.80935767,3071.35,3.440795773,0.41,7.00996172,8.1,1.17,13.75,344.98,129.74,13.98815747,9510.37,817.14,13.79,0,1.602819342
Czechia,2002,1.15136985,84.3,148.34,1.821448019,5189.16,3.448031945,0.41,7.008650538,7.3,1.19,13.72,357.52,129.35,15.04241799,10808.37,917.64,13.87,0,1.650015952
Czechia,2003,1.1532049,87.42,154.16,1.834802054,6232.17,3.42047395,0.4,7.008287111,7.8,1.32,13.88,363.6,129.24,15.05207803,11061.28,484.16,13.91,0,1.677059177
Czechia,2004,1.136086097,84.06,147.98,1.836134149,10012.13,3.459392488,0.43,7.008402054,8.3,1.34,13.31,374.29,129.27,15.07852932,11752.77,644.46,13.96,0,1.672190251
Czechia,2005,1.093771781,76.77,139.9,1.842858762,13515.04,3.524817878,0.44,7.00855146,7.9,1.39,13.26,388.18,129.32,15.12985095,13222.2,754.08,14.06,0,1.647871765
Czechia,2006,1.005609445,62.21,122.98,1.848989206,13737.01,3.700135822,0.49,7.009602915,7.1,1.37,13.12,401.91,129.63,14.17114115,14505.5,696.92,14.24,1,1.7107941
Czechia,2007,1.075181855,75.97,130.57,1.860577551,13370.7,3.722645438,0.5,7.010903224,5.3,1.38,13.35,417.39,130.02,15.20779589,15735.69,739.82,14.45,1,1.691435152
Czechia,2008,0.98811284,61.1,124.87,1.865577707,17184.01,3.711431803,0.53,7.014664286,4.4,1.34,13.35,427.61,131.15,15.24603055,17036.13,693.01,14.62,1,1.714999967
Czechia,2009,0.949877704,54.86,120.61,1.865044722,16609.73,3.684786136,0.56,7.018108723,6.7,1.32,13.31,425.39,132.2,15.20980981,15548.98,773.58,14.93,1,1.66238002
Czechia,2010,0.95616843,48.84,120.67,1.810030786,14210.96,3.743236873,0.56,7.01961841,7.3,1.24,12.65,429.74,132.66,15.2264968,16102.41,878.59,15.29,1,1.722880611
Czechia,2011,0.930949031,47.01,121.65,1.822756333,10462.42,3.663719766,0.57,7.020640169,6.7,1.22,12.61,436.93,132.97,15.23892385,16530.67,592.95,15.61,1,1.746867628
Czechia,2012,0.923244019,45.41,120.94,1.817036226,6845.13,3.649228707,0.57,7.021414495,7,1.17,12.97,447.96,133.21,15.2183254,15736.53,694.07,16.2,1,1.717920026
Czechia,2013,0.868644438,39.27,119.57,1.81723473,4989.87,3.597151978,0.59,7.021855781,7,1.15,12.84,449.71,133.34,15.20019364,15077.35,765.56,16.81,1,1.74733411
Czechia,2014,0.894869657,43.19,118.4,1.827756863,4631.81,3.653531844,0.59,7.021702704,6.1,1.17,13.06,459.78,133.29,15.19470855,14893.58,710.99,17.37,1,1.741072772
Czechia,2015,0.922725458,48.77,119.35,1.849480837,6776.25,3.719289845,0.59,7.022769569,5.1,1.15,12.82,485.4,133.62,15.22613572,15971.8,552.26,17.84,1,1.776119799
Czechia,2016,0.811575006,37.52,116.01,1.864866914,6453.55,3.765796664,0.94,7.02341067,4,1.15,12.99,502.93,133.82,15.24189497,16537.6,735.05,18.31,1,1.710286648
Denmark,1998,0.910090546,67.8,61.62,1.710371264,7343.21,4.022885109,1.21,6.723854564,4.9,1.96,11.69,343.16,122.87,15.34991829,42273.75,827.95,14.95,0,1.350248018
Denmark,1999,0.886490725,64.74,59.56,1.71858472,7769.78,4.0324201,1.26,6.72538706,5.2,1.96,11.62,346.85,123.3,15.34358582,41513.84,872.97,14.88,0,1.384532615
Denmark,2000,0.860936621,59.47,58.8,1.712818,8187.49,4.023431903,1.29,6.72672892,4.3,1.93,11.68,347.84,123.68,15.36218078,43196.21,756.46,14.83,0,1.398287305
Denmark,2001,0.855519156,57.2,56.73,1.704322141,8717.95,4.055458989,1.36,6.728289891,4.5,1.92,11.55,350.15,124.13,14.36342393,43164.74,743.5,14.8,0,1.364738555
Denmark,2002,0.892651034,62.78,59.87,1.702861171,6835.81,4.062407103,1.35,6.729841227,4.6,1.93,11.33,351.69,124.57,15.3646823,43136.63,766.72,14.8,0,1.371437317
Denmark,2003,0.86923172,59.07,56.77,1.705007959,9843.95,4.07223813,1.4,6.731065363,5.4,2,11.54,352,124.92,15.36806364,43350.94,603.32,14.83,0,1.38039216
Denmark,2004,0.773054693,46.13,49.43,1.712312909,12064.1,4.086791774,1.42,6.732203996,5.5,2.03,11.27,354.97,125.25,15.38521291,44978.66,820.03,14.91,0,1.38219721
Denmark,2005,0.758911892,43.61,45.5,1.705521613,15081.33,4.096052042,1.43,6.733310119,4.8,2,11.27,363.12,125.57,15.39953528,46368.32,640.29,15.01,1,1.385606274
Denmark,2006,0.710117365,37.77,46.08,1.70457945,19012.52,4.051635961,1.48,6.734596631,3.9,2.01,11.02,372.18,125.94,15.41422103,47821.88,847.14,15.16,1,1.347330015
Denmark,2007,0.810232518,50.85,47.46,1.713742478,15973.13,4.053499467,1.52,6.736164152,3.8,2.06,11,379.65,126.4,15.42316392,48640.66,846.16,15.32,1,1.341632336
Denmark,2008,0.804820679,50.59,41.08,1.719828286,13990.01,4.029468193,1.54,6.738446943,3.7,1.98,10.71,383.32,127.07,15.42091245,48134.85,834.69,15.58,1,1.311329952
Denmark,2009,0.705007959,38.28,34.04,1.723291446,10533.65,4.106736398,1.54,6.741266029,6.4,1.86,10.09,384.65,127.89,15.39955259,45529.3,738.15,15.89,1,1.252367514
Denmark,2010,0.645422269,31.98,28.61,1.721728199,13419.23,4.180682872,1.52,6.743097146,7.7,1.82,10.24,390.99,128.43,15.41040603,46484.82,673.9,16.31,1,1.204662512
Denmark,2011,0.58546073,27.16,27.17,1.732152418,14730.26,4.091142675,1.55,6.74512392,7.8,1.8,10.22,395.28,129.03,15.40856217,46073.02,774.13,16.79,1,1.23350376
Denmark,2012,0.484299839,19.35,23.99,1.729812507,18059.53,4.110188897,1.61,6.746674435,7.8,1.62,9.1,400.86,129.5,15.41234293,46308.95,837.64,17.35,1,1.247482261
Denmark,2013,0.544068044,23.56,23.55,1.730378469,14155.43,4.094868904,1.63,6.748391865,7.4,1.57,9.43,406.62,130.01,15.41478957,46387.78,633.73,17.85,1,1.232233521
Denmark,2014,0.545307116,24.17,21.6,1.742096402,14821.21,4.029749324,1.65,6.750295129,6.9,1.56,9.53,413.98,130.58,15.42478366,47259.56,795.78,18.25,1,1.235023159
Denmark,2015,0.481442629,20.5,20.22,1.763502865,14583.1,4.035201123,1.66,6.752794639,6.3,1.55,9.38,422.43,131.33,15.43565329,48178.83,867.7,18.57,1,1.217483944
Denmark,2016,0.537819095,25.41,19.99,1.778802204,14746.52,4.091216605,1.68,6.756427049,6,1.53,9.55,432,132.44,15.45038769,49425.97,647.1,18.83,1,1.232742063
Estonia,1998,1.31523541,129.53,126.77,0.85672889,632.27,2.96886104,0.15,6.143974498,9.51,1.08,8.01,323.71,30.8,9.988766814,6995.08,764.24,14.54,0,0.680335513
Estonia,1999,1.31523541,129.06,105,0.86923172,743.26,2.695928,0.17,6.139639214,11.57,1.05,8.85,332.58,30.5,9.982849999,6969.65,606.81,14.72,0,0.697229343
Estonia,2000,1.31523541,99.91,100.57,0.88536122,735.02,2.670932016,0.18,6.146515936,13.36,1.04,7.9,331.06,30.98,14.02657412,7586.6,675.4,14.86,0,0.692846919
Estonia,2001,1.31523541,98.37,120.43,0.892651034,687.44,2.671829806,0.18,6.143864124,13.13,1.44,9.22,292.45,30.79,14.0534242,8119.73,718.04,15.13,0,0.754348336
Estonia,2002,1.31523541,114.93,126.49,0.906335042,1392.42,2.676711895,0.18,6.140982616,10.03,1.52,10.36,289.63,30.59,14.08568294,8804.38,483.4,15.44,0,0.731588765
Estonia,2003,1.235023159,90.17,104,0.937517892,1382.91,2.782486957,0.18,6.138363021,11.29,1.36,11.55,315.59,30.41,14.13139408,9841.17,661.28,15.84,0,0.696356389
Estonia,2004,1.240049772,93.69,120.06,0.944975908,1565.12,2.808764464,0.18,6.135530493,10.25,1.3,13.23,344.74,30.21,14.16781929,10771.5,771.52,16.19,0,0.785329835
Estonia,2005,1.13001195,91.25,93.97,1.038620162,2581.82,2.801952235,0.17,6.133171838,8.03,1.29,14.7,363.32,30.05,14.21508212,12075.46,618.55,16.57,0,0.833784375
Estonia,2006,1.22762965,116.98,113.21,1.039414119,3119.76,2.827982797,0.17,6.130559221,5.91,1.24,15.83,410.16,29.87,14.27084181,13812.6,568.32,16.87,0,0.8162413
Estonia,2007,1.155336037,99.04,103.6,1.041392685,2811.6,2.854342485,0.17,6.128050465,4.59,1.39,16.1,390.05,29.69,14.32652019,15792.89,719.67,17.28,0,0.870403905
Estonia,2008,0.985426474,67.99,72.38,1.06069784,2845.58,2.882234152,0.18,6.126599232,5.45,1.29,16.1,412.27,29.59,14.2878465,14496.07,909.11,17.46,0,0.921686475
Estonia,2009,0.930439595,59.14,61.62,1.06069784,2379.9,2.892634351,0.17,6.125722257,13.55,1.17,14.32,408.46,29.53,13.21984639,12420.11,786.54,17.43,0,0.802089258
Estonia,2010,0.871572936,48.75,56.14,1.045322979,2666.45,2.869583708,0.2,6.124924948,16.71,1.2,14.97,414.52,29.48,14.22600669,12620.45,760.52,17.43,0,0.820201459
Estonia,2011,0.920123326,57.16,60.78,1.056142262,2922.7,2.858795772,0.2,6.123740931,12.33,1.19,16.1,431.69,29.4,14.2602861,13694.68,701.39,17.45,0,0.839478047
Estonia,2012,0.8162413,45.28,48.29,1.072249898,3504.61,2.89405563,0.21,6.122287326,10.02,1.16,16.1,454.34,29.3,13.2743888,14193.61,817.46,17.7,0,0.831869774
Estonia,2013,0.770115295,41.66,49.62,1.088136089,3657.89,2.906221873,0.24,6.120631504,8.63,1.09,16.1,476.12,29.19,14.28112431,14470.99,589.21,18.03,0,0.844477176
Estonia,2014,0.757396029,42.56,44.13,1.108903128,2499.17,2.894670444,0.24,6.119196483,7.35,1.06,16.1,496.23,29.09,14.30416727,15309.5,654.22,18.38,0,0.863917377
Estonia,2015,0.802773725,67.99,41.92,1.124830149,3137.77,2.906566676,0.25,6.118883147,6.19,1.05,16.1,514.57,29.07,14.31733194,15792.24,585.77,18.76,0,0.860936621
Estonia,2016,0.696356389,38.76,43.38,1.14113609,2495.23,2.865169144,0.25,6.119237738,6.76,1.04,15.35,534.33,29.1,14.33136655,16297.69,690.6,19.02,0,0.8876173
Finland,1998,0.814247596,57.12,55.67,1.73479983,5902.58,3.864270135,0.46,6.7115837,11.4,1.72,8.6,392.63,15.21,15.23085748,33057.28,782.3,14.62,1,1.463892989
Finland,1999,0.844477176,63.76,55.81,1.747411808,6010.29,3.839903335,0.5,6.71261999,10.2,1.7,8.62,403.71,15.25,15.22896468,32836.1,620.24,14.71,1,1.486572151
Finland,2000,0.796574333,56.66,52.05,1.753583059,6203.57,3.831826918,0.54,6.713599985,9.8,1.61,8.59,412.86,15.28,15.25027359,34408.51,740.01,14.84,1,1.518250651
Finland,2001,0.820201459,61.76,52.47,1.763427994,6264.03,3.825854359,0.57,6.714423316,9.1,1.62,8.94,417.09,15.31,14.26102483,35204.04,612.39,15,1,1.498034724
Finland,2002,0.800717078,59.67,49.85,1.773054693,6279.86,3.88409211,0.59,6.715577359,9.1,1.63,9.25,422.53,15.35,15.26223745,35208.76,520.23,15.16,1,1.518118947
Finland,2003,0.753583059,53.4,58.62,1.782400952,6328.24,3.871882202,0.63,6.716528856,9,1.6,9.31,436.97,15.38,15.26967636,35738.84,604.02,15.34,1,1.504198919
Finland,2004,0.764176132,56.13,55.04,1.791971201,7069.26,3.840647997,0.63,6.717648289,8.8,1.6,9.89,449.64,15.42,15.2897227,37331.07,745.7,15.58,1,1.522313795
Finland,2005,0.739572344,53.09,53.88,1.798719685,6932.4,3.84457968,0.66,6.719050397,8.4,1.55,9.95,464.04,15.47,15.30300155,38366.54,703.35,15.87,1,1.516667559
Finland,2006,0.689308859,46.24,52.29,1.802500068,7442.84,3.84563871,0.67,6.720620734,7.7,1.52,10.15,476.83,15.53,15.31546652,39341.15,614.46,16.01,1,1.487421211
Finland,2007,0.755112266,56.66,50.4,1.81150798,8980.11,3.835212267,0.66,6.722383473,6.9,1.53,10.45,487.02,15.59,11.34439227,41880.21,746.21,16.46,1,1.488832634
Finland,2008,0.673941999,44.52,51.15,1.808885867,10492.82,3.860854061,0.7,6.72431561,6.4,1.43,10.26,509.39,15.66,15.34291592,41552.04,803.84,16.51,1,1.505692507
Finland,2009,0.619093331,38.11,45.47,1.815112658,9694.34,3.856904023,0.72,6.726426847,8.2,1.35,9.96,521.37,15.74,15.30828689,38182.57,582.25,16.75,1,1.459543258
Finland,2010,0.626340367,39.06,43.22,1.817895757,9257.25,3.841280614,0.74,6.728469687,8.4,1.35,9.72,537.61,15.81,15.31443607,38544.7,621.34,17.01,1,1.484726804
Finland,2011,0.636487896,40.56,43.23,1.822756333,9679.22,3.816019786,0.74,6.730400849,7.8,1.31,9.81,554.02,15.88,15.32426187,39252.52,778.12,17.51,1,1.444981112
Finland,2012,0.607455023,36.84,41.01,1.821316971,10888.61,3.704908583,0.73,6.732495727,7.7,1.26,9.27,562.28,15.96,15.3190019,38592.84,805.04,18.14,1,1.42258984
Finland,2013,0.611723308,37.04,37.06,1.820332845,10784.28,3.681360652,0.75,6.734533813,8.2,1.23,9.07,572.33,16.04,15.31412013,37982.29,679.18,18.76,1,1.40534636
Finland,2014,0.550228353,30.64,39.38,1.822952241,11477.6,3.671373738,0.82,6.736497773,8.7,1.18,8.75,582.02,16.11,15.3139937,37800.22,686.02,19.38,1,1.387389826
Finland,2015,0.595496222,35.64,38.13,1.828015064,11726.53,3.681421251,0.83,6.738126564,9.4,1.15,8.51,591.19,16.17,15.3249817,38623.49,834.79,19.95,1,1.406369835
Finland,2016,0.645422269,35.54,40.5,1.763502865,10915.87,3.702598535,0.83,6.739359417,8.8,1.15,8.43,605.52,16.21,15.33423253,39343.16,753.82,20.47,1,1.4448252
France,1998,0.985875357,97.34,61.59,2.704422938,14061.52,2.394451681,0.95,7.777679676,10.3,1.5,13.27,447.32,109.56,16.16768234,30678.46,821.2,15.51,1,2.278982117
France,1999,0.984077034,99.02,59.78,2.704422938,13578.77,2.444840793,0.98,7.779297244,10,1.47,13.15,456.79,109.97,16.16768234,30181.82,1026.46,15.66,1,2.313255404
France,2000,0.975891136,96.13,58.88,2.704422938,14139.04,2.470792573,0.99,7.782078449,8.6,1.48,13.63,463.46,110.68,16.16768234,31262.01,981.03,15.81,1,2.311753861
France,2001,0.966610987,96.49,55.44,2.704422938,13755.81,2.446195313,1.01,7.785182549,7.8,1.47,13.89,470.65,111.47,16.16768234,31500.54,974.69,15.92,1,2.317791816
France,2002,0.944975908,91.15,51.24,2.704422938,12819.02,2.461978477,1.03,7.788338356,7.9,1.44,13.78,474.73,112.29,16.16768234,31552.22,984.93,16.04,1,2.312515856
France,2003,0.851869601,70.98,41.81,2.704422938,13279.81,2.462053421,1.04,7.791438622,8.5,1.41,13.49,477.82,113.09,15.29314148,31746.99,751.81,16.13,1,2.310926855
France,2004,0.818885415,64.15,38.55,2.704422938,13549.12,2.450156695,1.05,7.794433962,8.9,1.39,13.18,480,113.87,16.16768234,32277.82,808.77,16.19,1,2.3287872
France,2005,0.791690649,58.21,36.68,2.704422938,14470.46,3.407404503,1.09,7.797771992,8.9,1.37,12.6,479.51,114.75,16.16768234,32628.58,705.62,16.31,1,2.314457123
France,2006,0.763427994,53.19,36.13,2.704422938,14457.08,3.398426146,1.07,7.800920682,8.8,1.37,12.4,480.79,115.59,16.16768234,33033.72,844.43,16.36,1,2.327256735
France,2007,0.749736316,51.24,35.75,2.704422938,15098.09,3.39719934,1.07,7.803764741,8,1.37,12.6,482.36,116.35,16.16768234,34042.47,876.29,16.32,1,2.342837037
France,2008,0.733197265,47.49,32.5,2.704422938,14789.67,3.381961175,1.07,7.806228789,7.4,1.32,12.3,486.02,117.01,12.33243846,33589.71,968.03,16.39,1,2.316599302
France,2009,0.730782276,46.95,31.05,2.704422938,14834.65,3.431918342,1.07,7.808550083,9.1,1.3,12.3,487.86,117.64,16.16768234,32535.94,812.91,16.5,1,2.242093984
France,2010,0.7084209,44.22,29.36,2.704422938,14678.59,3.391365657,1.08,7.810628023,9.3,1.3,12.33,489.6,118.2,16.16768234,32673.42,878.41,16.61,1,2.262901763
France,2011,0.709269961,44.12,28.23,2.704422938,12472.11,3.434281408,1.09,7.812771165,9.2,1.32,12.37,488.68,118.78,16.16768234,32932.05,707.52,16.74,1,2.271121056
France,2012,0.678518379,40.23,25.81,2.704422938,12575.6,3.43497746,1.07,7.81476008,9.8,1.3,12.24,492.24,119.33,16.16768234,32666.16,858.12,17.14,1,2.239174304
France,2013,0.63748973,35.61,24.84,2.704422938,12087.4,3.436040136,1.08,7.816906163,10.3,1.26,11.64,500.88,119.92,16.16768234,32443.08,971.97,17.57,1,2.236713563
France,2014,0.641474111,36.14,25.44,2.704422938,10000.28,3.407379006,1.07,7.820634756,10.3,1.29,11.97,491.66,120.95,16.16768234,32439.89,974.81,17.96,1,2.220709405
France,2015,0.645422269,37.2,26.79,2.704422938,9216.59,3.378942699,1.07,7.822548274,10.4,1.31,11.87,486.41,121.49,16.16768234,33052.13,705.06,18.41,1,2.189153303
France,2016,0.63447727,36.84,27.33,2.704422938,8376.6,3.342531241,1.05,7.823724509,10.1,1.32,11.74,481.34,121.82,16.16768234,33306.67,893.8,18.86,1,2.195456834
Germany,1998,0.909020854,71.71,165.5,2.704422938,23168.29,3.703649846,4.95,7.914117646,9.4,1.3,12.74,507.86,229.84,15.43248826,32989.17,977.14,15.8,1,2.412292509
Germany,1999,0.900367129,71.85,169.26,2.704422938,22800.73,3.69635901,4.99,7.914009834,8.6,1.32,12.94,515.91,229.78,16.16768234,32129.49,862.18,15.93,1,2.446273031
Germany,2000,0.893761762,69.06,165.38,2.704422938,21506.95,3.703610317,5.08,7.914678804,7.9,1.27,12.91,521.4,230.14,15.42764837,32580.79,838.62,16.25,1,2.449802264
Germany,2001,0.854913022,63.83,158.88,2.704422938,23469.6,3.815703237,5.11,7.915186282,7.8,1.22,12.46,532.12,230.41,16.16768234,32661.45,983.32,16.65,1,2.462338091
Germany,2002,0.843855423,62.57,148.54,2.704422938,23519.31,3.759244674,5.2,7.916139616,8.6,1.19,12.25,538.37,230.91,16.16768234,32408.64,1036.64,17.06,1,2.456684804
Germany,2003,0.831869774,60.18,144.58,2.704422938,23635.21,3.682604409,5.2,7.916647001,9.7,1.14,11.92,541.06,231.18,16.16768234,32479.87,614.27,17.49,1,2.465010865
Germany,2004,0.779596491,52.8,133.53,2.704422938,26519.65,3.740510325,5.26,7.916620644,10.4,1.14,11.83,545.52,231.17,16.16768234,32756.27,856.61,18.01,1,2.483943714
Germany,2005,0.743509765,47.15,129.24,2.704422938,25137,3.861942826,5.34,7.916458423,11.2,1.08,12.04,550.01,231.08,16.16768234,32535.58,790.27,18.63,1,2.492900011
Germany,2006,0.723455672,44.97,123.34,2.704422938,24840.73,3.92310355,5.42,7.916127426,10.1,1.06,12.14,559.09,230.91,16.16768234,33111.05,817.82,19.25,1,2.515623854
Germany,2007,0.713490543,43.9,123.63,2.704422938,23154.09,3.892727209,5.45,7.915478492,8.5,1.03,11.89,565.75,230.56,16.16768234,34087.34,1063.44,19.8,1,2.515623854
Germany,2008,0.671172843,39.12,113.97,2.704422938,23572.81,3.897694704,5.47,7.914966052,7.4,1.17,11.75,500.91,230.29,16.16768234,33766.22,830.71,20.09,1,2.515623854
Germany,2009,0.635483747,35.69,110.59,2.704422938,28903.29,4.095860533,5.55,7.913826336,7.6,1.18,11.61,503.9,229.68,16.16768234,32543.19,864.61,20.4,1,2.489325551
Germany,2010,0.598790507,32.24,104.24,2.704422938,24353.2,3.975974682,5.55,7.912765292,7,1.18,11.35,510.23,229.12,16.16768234,33675.67,927.86,20.66,1,2.497067936
Germany,2011,0.627365857,36.07,107.15,2.704422938,23315.56,3.94053541,5.57,7.904293842,5.8,1.18,11.87,527.31,224.7,16.16768234,35346.87,770.76,20.66,1,2.511656132
Germany,2012,0.583198774,31.6,103.69,2.704422938,23389.83,3.996530497,5.59,7.904866419,5.4,1.16,11.76,534.41,224.99,15.45347123,35367.13,873.87,20.67,1,2.488564817
Germany,2013,0.558708571,29.33,101.27,2.704422938,23684.61,4.045812556,5.61,7.905923976,5.2,1.17,11.67,539.36,225.54,16.16768234,35348.88,843.35,20.76,1,2.486770413
Germany,2014,0.557507202,29.64,101.28,2.704422938,23541.15,4.079781966,5.63,7.907236447,5,1.17,11.6,542.93,226.23,16.16768234,36411.03,836.62,20.87,1,2.492955847
Germany,2015,0.556302501,29.69,103.4,2.704422938,22274.67,4.11714961,5.65,7.909542861,4.6,1.18,11.99,546.85,227.43,16.16768234,37285.89,745.1,21.05,1,2.499439629
Germany,2016,0.527629901,27.33,101.88,2.704422938,25488.34,4.194250355,5.65,7.914743333,4.1,1.18,10.9,548.47,230.17,16.16768234,37855.37,831.09,21.05,1,2.500744045
Ireland,1998,0.991669007,85.29,97.89,1.565375503,7991.34,3.068093054,0.11,6.567424816,7.5,2.18,14.44,324.07,52.55,15.07096092,31880.4,1408.52,11.35,0,0.963787827
Ireland,1999,0.954724791,79.05,94.25,1.577951128,10574.31,3.140935214,0.11,6.57194245,5.9,2.18,14.95,340.09,53.1,15.0997842,33717.26,1266.66,11.29,0,1.049605613
Ireland,2000,0.969415912,76.24,97.93,1.551571974,12114.68,3.153955035,0.11,6.577212061,4.5,2.18,13.87,349.17,53.75,15.14851011,37265.49,1326.58,11.22,0,1.123198075
Ireland,2001,0.970346876,79.32,77.32,1.573567773,16014.27,3.236134017,0.13,6.583514345,4.2,2.18,14.06,366.31,54.54,14.17955179,39448.81,934.4,11.18,0,1.124830149
Ireland,2002,0.909556029,68.98,74.36,1.58871978,17805.47,3.244682768,0.13,6.591031533,4.7,2.18,13.98,376.95,55.49,15.20504188,41115.5,1363.23,11.14,1,1.184123354
Ireland,2003,0.845718018,60.54,64.56,1.612253906,18124.65,3.236184443,0.18,6.598154681,4.8,2.18,13.07,386.46,56.41,15.22149248,42009.72,998.75,11.11,1,1.221414238
Ireland,2004,0.855519156,65.28,61.09,1.639785213,18123.57,3.235076242,0.2,6.605181314,4.7,2.18,13.14,392.67,57.33,15.24323654,43456.81,1130.32,11.11,1,1.258637283
Ireland,2005,0.912222057,77.34,76.27,1.656864492,18862.79,3.248343608,0.26,6.614018568,4.6,2.18,13.42,404.22,58.5,15.27172547,45467.95,1081.59,11.1,1,1.276691529
Ireland,2006,0.866287339,69.39,61.88,1.672005445,22324.84,3.289388257,0.28,6.624091934,4.8,2.18,13.38,422.75,59.88,15.29353933,46713.48,1274.74,10.97,1,1.26599637
Ireland,2007,0.794488047,57.83,59.34,1.689841409,23671.03,3.298610764,0.28,6.637501637,5,2.18,13.37,433.86,61.75,15.31043839,47090.43,1153.08,10.8,1,1.301464073
Ireland,2008,0.733999287,48.45,75.07,1.698013504,21655.42,3.305579207,0.44,6.649117267,6.8,2.15,12.42,448.77,63.43,15.27425024,42182.91,1336.62,10.78,1,1.264817823
Ireland,2009,0.666517981,39.37,65.19,1.697752274,18835.12,3.257930441,0.69,6.655265534,12.6,1.99,11.27,436.1,64.33,15.24014971,38448.09,1468.25,10.94,1,1.103461622
Ireland,2010,0.63447727,34.95,59.23,1.690904554,15310.62,3.252270346,0.94,6.657956892,14.6,1.93,11.63,425.8,64.73,15.23962477,38164.57,955.64,11.22,1,1.077004327
Ireland,2011,0.59439255,30.41,52.62,1.68538341,10876.31,3.230814086,0.94,6.66000001,15.4,1.74,11.65,429.34,65.04,14.24402959,38374.21,1177.38,11.53,1,1.045714059
Ireland,2012,0.5289167,24.19,54.45,1.677698181,9303.4,3.164519403,0.94,6.661745313,15.5,1.7,11.53,425.15,65.3,14.24846372,38611.32,1312.77,11.89,1,1.04060234
Ireland,2013,0.604226053,31.45,47.97,1.690639012,6206.18,3.126572948,0.93,6.663680199,13.8,1.7,10.64,430.51,65.59,14.25503116,39024.81,1189.91,12.24,1,1.009450896
Ireland,2014,0.567026366,27.38,46.43,1.682956926,6645.9,2.947644446,0.93,6.666316979,11.9,1.75,11,435.18,65.99,15.2885622,41902.97,1406.98,12.6,1,1.031408464
Ireland,2015,0.522444234,25.87,43.51,1.723537762,6188.19,2.919151341,0.93,6.67002568,10,1.72,10.93,440.43,66.56,15.41931126,56142.24,1481.83,12.93,1,1.037426498
Ireland,2016,0.517195898,26.66,39.88,1.748420622,6267.32,2.919684634,0.93,6.67452009,8.4,1.82,11.46,444.9,67.25,15.43341778,57399.04,1156.1,13.21,1,1.101059355
Italy,1998,0.773054693,57.39,94.11,2.704422938,38038.9375,4.313177098,3.86,7.755145696,11.3,1.12,8.98,554.84,188.91,16.16768234,29296.26,836.99,17.53,0,2.258828771
Italy,1999,0.836324116,68.35,102.67,2.704422938,38038.9375,4.313177098,3.85,7.755181794,10.9,1.11,8.86,562.97,188.92,16.16768234,28438.63,985.59,17.82,0,2.251126985
Italy,2000,0.809559715,68.41,96.22,2.704422938,38038.9375,4.313177098,3.86,7.755291786,10,1.1,9.78,572.42,188.97,16.16768234,29435.94,910.32,18.11,0,2.268765127
Italy,2001,0.793790385,65.75,96.41,2.704422938,35821.29,4.313177098,3.84,7.755575264,9,1.09,9.68,583.54,189.09,16.16768234,29992.74,823.27,18.43,0,2.273024434
Italy,2002,0.80685803,68.38,103.57,2.704422938,38038.9375,4.313177098,3.82,7.755779666,8.5,1.09,9.25,591.46,189.18,16.16768234,30130.51,1254.28,18.71,0,2.287084776
Italy,2003,0.797267541,66.81,92.92,2.704422938,38038.9375,4.313177098,3.75,7.756868078,8.4,1.08,9.3,600.55,189.66,16.16768234,30441.49,848.77,18.99,1,2.243261343
Italy,2004,0.767155866,61.33,89.16,2.704422938,38038.9375,4.313177098,3.73,7.759636884,8,1.12,8.98,590.88,190.87,16.16768234,30882.18,1034.96,19.21,1,2.29662132
Italy,2005,0.761175813,55.81,92.36,2.704422938,38038.9375,4.313177098,2.81,7.762489158,7.7,1.09,7.41,599,192.13,16.16768234,30924.18,951.39,19.52,1,2.327971624
Italy,2006,0.755112266,54.68,93.25,2.704422938,38038.9375,4.313177098,2.76,7.763908559,6.8,1.07,7.26,607.9,192.76,15.25671775,31104.14,822.98,19.85,1,2.274319525
Italy,2007,0.718501689,49.16,89.81,2.704422938,38038.9375,4.313177098,2.67,7.765100136,6.1,1.07,7.19,612.81,193.29,16.16768234,31740.58,815.67,20.1,1,2.256260607
Italy,2008,0.692846919,45.27,83.94,2.704422938,38038.9375,4.313177098,2.66,7.768289312,6.7,1,6.84,615.57,194.71,16.16768234,30777.21,1140.27,20.2,1,2.258780907
Italy,2009,0.629409599,39.75,80.4,2.704422938,24863.46,4.313177098,2.67,7.770856332,7.7,0.96,6.4,616.47,195.87,16.16768234,29329.24,1137.3,20.3,1,2.22693484
Italy,2010,0.63748973,39.4,83.24,2.704422938,14369.96,4.313177098,2.62,7.772249397,8.4,0.94,6.95,620.9,196.49,16.16768234,29274.27,1334.57,20.42,1,2.24743313
Italy,2011,0.621176282,35.64,84.02,2.704422938,17258.6,4.313177098,2.66,7.773528212,8.4,0.93,6.98,625.17,197.07,16.16768234,29145.87,916.98,20.5,1,2.157879674
Italy,2012,0.673941999,36.22,93.36,2.704422938,12444.41,4.313177098,2.65,7.773744096,10.7,0.87,7.48,624.27,197.17,15.21932251,27899.04,1046.78,20.83,1,2.096979495
Italy,2013,0.621176282,33.06,87.39,2.704422938,11129.35,4.313177098,2.64,7.775866857,12.1,0.86,7.35,619.3,198.14,16.16768234,27056.21,1268.31,21.18,1,2.108023509
Italy,2014,0.593286067,30.86,82.73,2.704422938,15111.52,4.313177098,2.68,7.783779766,12.7,0.89,7.56,610.05,201.78,15.21085337,26735.15,1335.49,21.41,1,2.074852996
Italy,2015,0.58546073,31.68,81.34,2.704422938,19886.8,4.313177098,2.68,7.783872242,11.9,0.86,7.14,614.37,201.82,15.21853551,27205.31,997.54,21.74,1,2.071219018
Italy,2016,0.553883027,30,80.22,2.704422938,13698.23,4.313177098,2.71,7.782942154,11.7,0.83,7.08,624.34,201.39,16.16768234,27880.78,1178.55,22.04,1,2.055531225
Latvia,1998,1.31523541,129.53,144.3,1.041392685,32.84,3.169962301,0,6.383957117,14.46,1.2,8.94,207.41,37.48,14.10318775,5238.83,790.72,14.44,0,0.7084209
Latvia,1999,1.31523541,129.53,128.91,1.079181246,160.43,3.254753454,0,6.380075322,13.79,1.09,8.84,219.24,37.15,14.11617589,5446.36,627.99,14.65,0,0.712649702
Latvia,2000,1.31523541,129.53,125.04,1.096910013,247.55,2.953455241,0,6.376889974,14.21,1.15,7.13,233.78,36.87,14.19393119,6562.12,665.82,14.83,0,0.762678564
Latvia,2001,1.31523541,129.53,124.75,1.113943352,291.46,2.863120539,0,6.371692981,13.82,1.3,6.68,249.09,36.44,14.21399562,6954.95,732.07,15.09,0,0.803457116
Latvia,2002,1.31523541,129.53,142.16,1.130333768,229.32,2.855888482,0,6.365667094,13.83,1.26,7.44,266.74,35.93,14.24027461,7492.03,589.32,15.42,0,0.857332496
Latvia,2003,1.31523541,129.53,154.23,1.146128036,1303.2,3.151529195,0,6.361612827,12.06,1.27,8.24,282.21,35.6,14.24256627,7602.5,665.24,15.84,0,0.892651034
Latvia,2004,1.31523541,129.53,160.78,1.09725731,1477.1,3.214642543,0,6.357271661,11.71,1.26,8.81,301.38,35.25,14.26382537,8064.28,709.57,16.24,1,0.923244019
Latvia,2005,1.31523541,129.53,129.71,1.117602692,3475.77,3.243382866,0,6.352129434,10.03,1.23,9.92,330,34.83,14.30603882,8993.25,596.39,16.64,1,0.972665592
Latvia,2006,1.289365952,116.25,102.86,1.176669933,3716.86,3.424760801,0,6.34789082,7.03,1.24,10.4,368.97,34.49,14.37449172,10631.47,549.74,17,1,1.070037867
Latvia,2007,1.228400359,114.99,96.82,1.229425848,4921.06,3.633899506,0,6.344164455,6.05,1.27,12.12,409.66,34.2,13.45514952,12911.56,765.38,17.39,1,1.152288344
Latvia,2008,1.214048679,99.92,109.59,1.183269844,5039.12,3.631499574,0,6.340803102,7.74,1.16,11.84,425.6,33.93,14.42512647,12143.05,757.3,17.6,1,1.12515583
Latvia,2009,1.194236749,86,91.08,1.136720567,2360.03,3.369800091,0,6.335023389,17.51,1.04,9.85,418.11,33.49,14.30250409,9278.34,737.58,17.82,1,0.959994838
Latvia,2010,1.0923697,66.02,85.52,1.124178055,2391.49,3.314686547,0,6.326439301,18.1625,1.56,9.83,300.24,32.83,14.28436305,9076.52,789.55,18.12,1,1.064083436
Latvia,2011,1.08278537,60.73,100.71,1.091666958,3896.9,3.341474094,0,6.31693563,16.21,1.42,10.11,295.15,32.12,14.32172267,10110.7,643.04,18.37,1,1.118264726
Latvia,2012,1.070407322,60.64,94.81,1.097951071,3274,3.315716408,0,6.31065381,15.05,1.35,10.2,302.36,31.66,14.34656811,10861.9,787.44,18.56,1,1.11991541
Latvia,2013,1.069668097,62.26,93.58,1.104828404,3427.98,3.360225982,0,6.306173171,11.87,1.33,10.43,313.56,31.33,14.36114209,11349.15,587.46,18.77,1,1.140508043
Latvia,2014,1.090963077,71.45,93.93,1.134495856,3213.41,3.420493742,0,6.301348868,10.85,1.35,10.6,328.66,30.99,14.37375769,11814.19,703.98,19.07,1,1.166430114
Latvia,2015,1.065579715,72.5,84.4,1.162564407,3485.4,3.467900989,0,6.298000455,9.87,1.42,10.82,341.9,30.75,14.38747881,12288.14,571.43,19.39,1,1.195622944
Latvia,2016,1.009025742,65.01,90.01,1.173186268,3249.28,3.476216981,0,6.294236452,9.64,1.47,11.19,337.32,30.48,14.39726198,12677.14,692.91,19.63,1,1.182699903
Netherlands,1998,0.783903579,44.46,99.79,2.140193679,14533.09,3.725833256,1.71,7.194630684,5.1,1.63,9.93,390.95,260.3775,15.758647,36644.85,1250.26,13.48,0,1.900367129
Netherlands,1999,0.791690649,46.51,99.1,2.1532049,15818.28,3.739984294,1.76,7.197562441,4.2,1.6,10.06,402.47,260.3775,15.75863186,36397.52,911.82,13.52,0,1.927164974
Netherlands,2000,0.779596491,44.63,90.32,2.152594078,17800.14,3.73254252,1.74,7.20041136,3.7,1.55,10.06,412.19,260.3775,15.78355343,38294.96,980.5,13.57,0,1.906173364
Netherlands,2001,0.752048448,41.16,87.11,2.154119526,18078.41,3.730346148,1.92,7.20376904,3.1,1.52,9.95,419.78,260.3775,15.78657398,38265.56,1075.78,13.6,0,1.900312497
Netherlands,2002,0.73479983,39.68,81.12,2.161966616,21299.3,3.776194696,1.91,7.206968441,3.7,1.52,9.68,425.64,260.3775,15.78550779,37891.09,1026.58,13.65,1,1.894426838
Netherlands,2003,0.753583059,42.12,76.79,2.167612673,21144,3.726923534,1.92,7.209315864,4.8,1.54,9.56,426.68,260.3775,15.78953136,38037.68,720.66,13.71,1,1.907250083
Netherlands,2004,0.731588765,40.9,80.51,2.183554534,20752.31,3.735086865,1.94,7.211068001,5.7,1.54,9.56,430.06,260.3775,15.79832601,38659.7,964.03,13.85,1,1.957607287
Netherlands,2005,0.629409599,29.74,62.68,2.175511813,14843.94,3.818169788,2.02,7.21233484,5.9,1.53,9.67,434.94,260.3775,15.81000388,39597.82,826.44,14.04,1,1.930235653
Netherlands,2006,0.604226053,27.37,55.61,2.173186268,14693.84,3.965679961,2.01,7.213098161,5,1.55,9.78,442.63,260.3775,15.82546507,40960.75,878.18,14.27,1,1.92526051
Netherlands,2007,0.596597096,26.84,57.78,2.175511813,14647.45,3.978323432,1.99,7.213730018,4.2,1.52,9.51,451.89,260.3775,15.84515387,42798.05,1065.98,14.48,1,1.897187077
Netherlands,2008,0.59439255,26.27,52.16,2.170261715,18639.53,4.019498052,2.02,7.214986824,3.7,1.5,9.61,459.73,260.3775,15.85370429,43523.04,959.56,14.72,1,1.898505786
Netherlands,2009,0.584331224,25.17,43.38,2.168202747,19791.69,3.840587192,2.01,7.217109711,4.4,1.44,9.22,462.34,260.3775,15.83555107,41537.38,837.03,14.99,1,1.867349617
Netherlands,2010,0.505149978,19.13,26.57,2.161966616,19030.46,4.000191048,2.02,7.219453275,5,1.41,9.32,466.73,260.3775,15.83977962,41718.28,876.17,15.31,1,1.891202827
Netherlands,2011,0.496929648,18.55,20.88,2.162564407,18431.4,3.415660993,2.02,7.221565497,5,1.41,9.17,471.85,260.3775,15.83859095,41402.41,867.91,15.58,1,1.883888458
Netherlands,2012,0.542825427,20.8,14.25,2.148294097,16393.89,3.647940153,2.02,7.223505001,5.8,1.34,9.28,473.15,260.3775,15.82981176,40392.92,1039.54,16.24,1,1.851808514
Netherlands,2013,0.445604203,15.5,28.18,2.165541077,14770.76,3.618147502,2.02,7.224780983,7.3,1.29,8.54,472.73,260.3775,15.82141526,39503.63,794.81,16.83,1,1.863798539
Netherlands,2014,0.44870632,15.57,73.66,2.164263608,14440.62,3.702917982,2.03,7.226065794,7.4,1.21,8.16,474.12,260.3775,15.82692959,39890.01,907.96,17.34,1,1.865340906
Netherlands,2015,0.574031268,22.72,36.73,2.147676324,13089.24,3.699810853,2.06,7.227905387,6.9,1.2,8.03,479.32,260.3775,15.83849018,40792.8,914.98,17.8,1,1.844477176
Netherlands,2016,0.5132176,18.73,36.99,2.151676231,10965.42,3.68180455,2.08,7.229915203,6,1.18,8.29,484.3,260.3775,15.84825687,41527.81,840.86,18.17,1,1.838597253
Poland,1998,1.31523541,94.21,124.56,2.152594078,1321.99,2.69004538,0.07,7.587261625,10.2,1.03,8.32,229.97,123.64,15.43835245,7097.17,743.91,11.69,1,1.848435455
Poland,1999,1.31523541,91.19,107.5,2.158362492,1254.88,2.760723972,0.09,7.587340299,13.4,1.07,8.22,240.08,123.66,15.39687904,6449.79,730.8,11.88,1,1.854002233
Poland,2000,1.31523541,89.22,121.79,2.117602692,3903.81,3.235232925,0.1,7.582782468,16.1,0.88,8.4,261.12,122.37,14.42634857,6975.43,681.15,12.14,1,1.880927865
Poland,2001,1.31523541,78.58,114.2,2.124830149,3921.13,3.377970665,0.11,7.582676354,18.1625,0.83,7.74,274.56,122.34,15.45763971,7498.39,801.31,12.35,1,1.89337333
Poland,2002,1.31523541,80.15,109.77,2.136086097,3695.78,3.450969255,0.11,7.582542846,18.1625,0.76,8.02,288.4,122.3,15.44421661,7272.29,714.83,12.58,1,1.91019737
Poland,2003,1.31523541,78.21,100.24,2.1532049,3534.69,3.40171064,0.11,7.582274001,18.1625,0.81,9.06,294.2,122.23,15.4053122,6653.3,533.33,12.79,1,1.939469331
Poland,2004,1.31523541,77.43,97.92,2.169674434,4141.32,3.548307097,0.15,7.581956584,18.1625,0.86,9.19,313.56,122.14,15.41841731,6862.25,649.68,12.96,1,2.016239191
Poland,2005,1.308777774,77.25,90.79,2.185542155,6119.63,3.615463959,0.14,7.581765803,17.9,0.9,9.5,323.23,122.08,15.48829683,8063.75,608.09,13.15,1,2.052424588
Poland,2006,1.289588953,75.84,85.23,2.197556213,8371.28,3.729806035,0.17,7.581574859,13.9,0.92,10.4,350.76,122.03,15.52757835,8830.82,644.08,13.3,1,2.111665696
Poland,2007,1.294245716,79.58,88.33,2.212986185,10774.78,3.675970708,0.17,7.58121532,9.6,0.93,10.9,382.66,121.93,15.57515319,9861.45,746.75,13.42,1,2.181500588
Poland,2008,1.255754787,77.08,82.11,2.239549721,13511.82,3.779014638,0.2,7.581103239,7.1,0.91,11.4,421.87,121.9,15.62155015,10976.18,637.26,13.46,1,2.219924913
Poland,2009,1.150449409,62.96,68.93,2.264250982,15355.2,3.828153784,0.22,7.581333738,8.1,0.9,10.7,432.53,121.96,15.5445517,9187.88,692.3,13.49,1,2.259450524
Poland,2010,1.08278537,55.1,58.24,2.278319089,17254.61,3.844404477,0.21,7.580044895,9.7,0.92,10.04,453.41,121.6,15.58969274,10224.7,869.77,13.57,1,2.30815874
Poland,2011,1.106870544,58.59,57.6,2.278982117,20910.57,3.828188618,0.26,7.580499809,9.7,0.89,10.21,476.19,121.73,15.59667405,10379.51,590.03,13.61,1,2.319418389
Poland,2012,1.046885191,50.42,52.77,2.279484429,10623.11,3.016389773,0.33,7.580512063,10.1,0.83,10.19,492.44,121.73,15.59294248,10290.36,629.2,13.96,1,2.348947066
Poland,2013,1.008174184,46.66,50.53,2.288562198,5903.68,3.021387788,0.36,7.580497721,10.3,0.75,10.79,509.41,121.73,15.59307552,10293.86,647.43,14.39,1,2.395483654
Poland,2014,0.991669007,45.66,48.73,2.296730987,4098.42,2.960575414,0.37,7.579987633,9,0.73,10.45,526.17,121.59,15.6098291,10711.19,681.33,14.89,1,2.401279887
Poland,2015,0.974511693,44.47,46.41,2.304425896,5153.89,2.994541502,0.37,7.579847765,7.5,0.75,10.48,545.27,121.55,15.63372088,11320.68,517.22,15.42,1,2.417820317
Poland,2016,0.981818607,46.12,48.07,2.311287539,7304.53,2.998015088,0.39,7.579408684,6.2,0.81,10.43,570.9,121.42,14.62951153,11222.91,702.17,15.96,1,2.465010865
Portugal,1998,1.270445908,111.41,224.1825,1.812913357,38038.9375,4.313177098,10.97,7.005770572,6.1,1.57,12.48,305.91,109.68,15.2208139,16407.17,655.08,15.6,0,1.576110894
Portugal,1999,1.245512668,110.83,218.21,1.838849091,38038.9375,4.313177098,12.02,7.008030745,5.5,1.55,13.18,323.95,110.26,15.2235219,16424.42,736.74,15.84,0,1.432809005
Portugal,2000,1.230193379,110.74,198.83,1.857332496,38038.9375,4.169642111,12.52,7.010682468,5.1,1.6,13.08,335.93,110.93,15.24484591,17145.94,1016.05,16.03,0,1.444669231
Portugal,2001,1.145817714,92.06,188.33,1.870403905,38038.9375,4.313177098,13.81,7.014132903,5.1,1.49,13.41,362.61,111.82,15.24718739,17101.99,933.93,16.34,0,1.490941205
Portugal,2002,1.131939295,93.8,183.22,1.895974732,38038.9375,4.26537096,14.8,7.016810706,6.2,1.47,13.23,375.19,112.51,15.25093207,17144.77,907.15,16.57,0,1.487421211
Portugal,2003,1.074450719,84.83,165.79,1.916453949,38038.9375,4.313177098,15.9,7.018891521,7.4,1.52,14.21,382.97,113.05,15.25129746,17076.45,931.32,16.75,0,1.45377686
Portugal,2004,0.995196292,70.47,142.86,1.924279286,38038.9375,4.313177098,16.48,7.020073218,7.8,1.52,13.47,391.48,113.36,15.25961777,17359.74,575.55,16.94,0,1.621384028
Portugal,2005,0.970811611,67.65,133.89,1.934498451,38038.9375,4.212855318,18.49,7.020968911,8.8,1.42,13.34,400.2,113.59,15.26876513,17692.79,522.47,17.18,0,1.639586087
Portugal,2006,0.848804701,49.56,124.6,1.939519253,38038.9375,4.251552813,19.74,7.021684898,8.9,1.41,13.12,408.11,113.78,15.27318653,17844.57,955.27,17.36,0,1.661244609
Portugal,2007,0.889861721,55.54,120.89,1.942504106,38038.9375,4.216550129,20.25,7.022535138,9.1,1.38,12.59,415.76,114,15.28771218,18415.36,580.91,17.54,0,1.673941999
Portugal,2008,0.803457116,44.16,113.3,1.944482672,38038.9375,4.068192543,20.58,7.02338993,8.8,1.37,12.35,417.69,114.22,15.28409219,18226.82,712.47,17.72,0,1.603036056
Portugal,2009,0.797959644,42.98,121.48,1.939519253,38038.9375,4.011563255,20.63,7.023787897,10.7,1.35,12.03,421.94,114.33,15.28028237,18051.12,871.42,17.97,0,1.565965817
Portugal,2010,0.80685803,42.84,116.32,1.92788341,38038.9375,4.06599887,20.86,7.024217948,12,1.28,12.23,443.75,114.44,15.28300708,18146,1080.48,18.26,0,1.560743301
Portugal,2011,0.767897616,38.21,100.1,1.92526051,38038.9375,4.043874483,20.41,7.024186813,12.9,1.19,11.91,445.68,114.43,15.26109626,17254.31,799.76,18.69,0,1.573451822
Portugal,2012,0.691081492,30.45,86.35,1.919757781,38038.9375,4.020900501,20.92,7.022939449,15.8,1.21,10.86,403.99,114.11,15.23111263,16150.3,656.91,19.04,0,1.530711838
Portugal,2013,0.651278014,27.18,90.31,1.918397339,38038.9375,3.928560218,21.25,7.020663278,16.4,1.17,10.54,412.64,113.51,14.23248787,16286.42,915.34,19.38,0,1.574725584
Portugal,2014,0.652246341,27.91,88.56,1.926033597,29428.31,3.913661293,21.42,7.018171952,14.1,1.09,10.35,450.71,112.86,14.23929948,16638.65,1080.65,19.85,0,1.554610285
Portugal,2015,0.646403726,27.95,86.39,1.931813704,36089.07,3.918497424,21.42,7.015980696,12.6,1.1,10.54,455.23,112.29,15.2542096,17307.48,590.91,20.29,0,1.516403148
Portugal,2016,0.589949601,25.24,79.75,1.961231197,31168.55,3.943820362,21.41,7.014576439,11.2,1.09,10.66,469.01,111.93,15.26637283,17856.64,909.68,20.7,1,1.554852434
Slovakia,1998,1.31523541,83.34,168.95,1.307496038,34119.08,3.763520833,1.65,6.731399455,12.7,1.12,12.13,222.01,110.3,13.74981359,10433.18,875.78,11.24,0,1.27600199
Slovakia,1999,1.260548373,68.79,128.59,1.352953912,20983.81,3.744726279,1.66,6.731861262,16.5,1.1,12.13,229.24,110.42,14.71530959,9626.13,930.87,11.32,0,1.290479813
Slovakia,2000,1.153814864,58.72,104.89,1.396722279,20809.46,3.788380515,1.67,6.732285816,18.1625,1.03,11.06,236.02,110.53,14.71227079,9549.64,816.91,11.4,0,1.18582536
Slovakia,2001,1.160468531,60.24,108.75,1.398981067,17196.99,3.764840147,1.67,6.730684104,18.1625,1.03,10.73,240.35,110.12,13.71474876,9639.7,904.85,11.44,0,1.170261715
Slovakia,2002,1.176380692,65.07,103.09,1.414639147,21474.69,3.755878665,1.7,6.730697669,18.1625,1.23,10.78,246.68,110.12,14.73411145,10078.9,887.32,11.39,0,1.202215776
Slovakia,2003,1.163161375,63.63,110.05,1.418632687,15976.48,3.738673557,1.76,6.730368288,17.7,1.08,9.85,252.32,110.04,14.7483276,10422.12,560.82,11.47,0,1.249198357
Slovakia,2004,1.154119526,62.55,109.07,1.420450859,16980.86,3.763636854,1.78,6.730125979,18.1625,1.21,10.03,222.83,109.98,14.76466173,10827.72,851.04,11.57,0,1.290702243
Slovakia,2005,1.137986733,61.24,106.45,1.428458774,10071.7,3.446954796,0.75,6.73019146,16.4,1.25,10.83,242.65,109.99,14.79216047,11533.73,950.43,11.68,0,1.372359583
Slovakia,2006,1.122543524,60.12,106.29,1.43679851,11022.51,3.542506744,0.75,6.730211102,13.5,1.27,10.31,248.23,110,14.81870744,12260.24,757.51,11.82,0,1.36567514
Slovakia,2007,1.174931594,67.56,112.3,1.431202885,13672.34,3.613069761,0.83,6.73023147,11.2,1.31,10.63,266.86,110,14.86154636,13530.5,767.48,11.96,0,1.44963265
Slovakia,2008,1.125481266,60.64,111.92,1.437750563,14332.52,3.609672298,0.88,6.730464511,9.6,1.31,11.43,287.37,110.06,14.8794113,14091.26,743.44,12.1,0,1.481155871
Slovakia,2009,0.94792362,38.64,92.05,1.43806745,16569.88,3.681853342,0.89,6.730976131,12.1,1.15,10.69,295.22,110.19,14.84731966,13072.09,774.84,12.24,0,1.458033192
Slovakia,2010,0.95230801,39.7,84.86,1.445292769,8609.22,3.644074062,0.96,6.73162188,14.5,1.26,10.55,309.64,110.36,14.8689558,13719.37,1113.69,12.44,0,1.456062224
Slovakia,2011,0.933993164,37.83,92.09,1.445448514,10438.75,3.579178592,0.97,6.731785885,13.7,1.17,10.78,324.4,110.4,14.87292508,13840.09,587.69,12.58,0,1.479719235
Slovakia,2012,0.925827575,37.01,67.35,1.446226402,7243.72,3.65285528,0.97,6.732741298,14,1.1,10.66,337.54,110.64,14.87220291,13786.75,650.18,12.78,0,1.486996888
Slovakia,2013,0.767897616,24.4,71.96,1.44963265,8264.95,3.670660462,0.97,6.733264451,14.2,1.07,10.54,347.41,110.78,14.86862093,13657.04,778.96,13.13,0,1.493458051
Slovakia,2014,0.870403905,32.31,64.29,1.451018452,12640.93,3.619199803,0.97,6.733674646,13.2,1.03,10.89,359.88,110.88,14.87968639,13996.3,959.1,13.54,0,1.510008513
Slovakia,2015,0.857935265,31.54,66.62,1.455301772,25501.69,3.655385298,1.04,6.734107446,11.5,0.98,10.78,375.29,110.99,14.90140928,14699.5,697.17,13.96,0,1.538322333
Slovakia,2016,0.814913181,28.38,75.01,1.459995256,16978.34,3.686541536,1.04,6.734500039,9.7,1.03,10.14,391.02,111.09,14.90927247,14954.51,816.51,14.45,0,1.569841899
Slovenia,1998,1.090963077,108.32,143.36,1.300595484,13178.78,3.668495874,0.99,6.297743883,7.4,1.49,14.61,410.09,97.91,14.58666606,19450.31,1525.41875,13.22,1,0.681241237
Slovenia,1999,1.095518042,116.26,123.19,1.323664536,16222.38,3.667986853,1,6.296299834,7.4,1.35,12.28,429.15,97.58,13.57182525,18859.24,1525.41875,13.58,1,0.716003344
Slovenia,2000,1.059941888,107.16,199.95,1.328990855,15692.16,3.522896551,1,6.298363073,6.7,1.3,12.8,437.18,98.05,14.55123036,17900.77,1367.4,13.85,1,0.799340549
Slovenia,2001,0.999565488,93.97,204.27,1.338456494,11598.51,3.43078915,1.2,6.298873809,6.2,1.34,11.58,444.7,98.16,14.53720183,17311.27,1371.44,14.14,1,0.905256049
Slovenia,2002,0.992553518,94.28,212.38,1.348110068,12314.23,3.395460942,1.21,6.299731035,6.3,1.33,9.87,458.62,98.36,14.53359414,17134.36,1525.41875,14.47,1,0.881384657
Slovenia,2003,0.952792443,85.21,224.1825,1.348888723,16302.46,3.415384063,1.27,6.299950301,6.7,1.39,11.55,446.11,98.41,10.53529412,17192.46,1206.79,14.77,1,0.905256049
Slovenia,2004,0.985426474,95.67,224.1825,1.362482475,16575.42,3.410642286,1.28,6.300254957,6.3,1.42,10.01,456.31,98.48,14.54426653,17539.39,1525.41875,15.03,1,1.000434077
Slovenia,2005,0.947433722,88.61,201.25,1.371252629,14638.83,3.508063528,1.5,6.300506573,6.5,1.43,11.19,480.58,98.53,14.55585591,18003.41,1525.41875,15.34,1,1.080265627
Slovenia,2006,0.923761961,84.86,205.95,1.38039216,18148.67,3.646916146,1.53,6.301758781,6,1.48,12.26,489.18,98.82,14.57563808,18787.77,1525.41875,15.62,1,1.117602692
Slovenia,2007,0.962369336,98.99,179.31,1.404149249,20242.57,3.625908939,1.52,6.303277723,4.9,1.63,11.02,504.38,99.17,14.60795873,20169.1,1525.41875,15.9,1,1.168202747
Slovenia,2008,0.824125834,70.14,137.31,1.412964272,19593.94,3.621128486,1.79,6.303254392,4.4,1.87,10.94,519.92,99.16,14.61744071,20615.08,1525.41875,16.26,1,1.237040791
Slovenia,2009,0.711807229,52.65,126.75,1.427810573,11350.33,3.625562459,1.92,6.30800128,5.9,1.56,10.52,521,100.25,10.59549622,19386.22,1525.41875,16.44,1,1.197556213
Slovenia,2010,0.606381365,38.1,109.07,1.42553422,6056.93,3.574696676,1.98,6.311112963,7.3,1.61,10.31,518.64,100.97,13.58636222,18847.46,1525.41875,16.53,1,1.228656958
Slovenia,2011,0.671172843,45.85,100.79,1.423081958,3009.19,3.515724198,1.98,6.311794111,8.2,1.7,10.61,520.2,101.13,14.58752015,18867.99,1254.24,16.53,1,1.241546481
Slovenia,2012,0.651278014,42.81,97.34,1.419955748,2669.45,3.497141211,1.98,6.312916847,8.9,1.72,10.95,518.62,101.39,14.56755567,17973.84,1525.41875,16.78,1,1.22762965
Slovenia,2013,0.586587305,34.97,93.09,1.417803723,2665.75,3.498828641,1.98,6.3136188,10.1,1.64,9.53,516.7,101.55,14.55927207,17605.91,1525.41875,17.1,1,1.228143608
Slovenia,2014,0.562292864,32.99,84.64,1.42553422,3268.2,3.460327927,1.98,6.314096113,9.7,1.62,10.92,518.35,101.67,14.57118457,18075.43,1525.41875,17.47,1,1.237292338
Slovenia,2015,0.614897216,39.27,86.09,1.431363764,2623.12,3.510721909,1.99,6.314472913,9,1.58,11.49,522.93,101.75,13.58905553,18818.39,1491.66,17.91,1,1.276691529
Slovenia,2016,0.632457292,42.15,84.48,1.439016728,2571.98,3.550268722,1.99,6.314749459,8,1.65,10.51,531.21,101.82,14.60516493,19517.14,1525.41875,18.41,1,1.294686624
Spain,1998,1.265289626,119.85,160.73,2.442746222,30346.72,3.975855785,5.06,7.603614694,16.4,1.48,11.58,399.82,79.43,15.93437724,21417.23,535.02,15.97,0,2.100370545
Spain,1999,1.23146959,116.79,152.57,2.469144282,25536.47,3.997209834,5.43,7.605343506,13.6,1.48,11.33,418.03,79.75,15.93546696,21385.62,604.97,16.29,0,2.131169383
Spain,2000,1.218797998,116.26,147.78,2.482316072,27918.91,4.021296825,5.53,7.607135168,11.9,1.47,11.84,431.16,80.08,15.95949454,22509.22,635.58,16.53,0,2.175279818
Spain,2001,1.197280558,111.69,147.69,2.489902256,29383.3,4.033594223,5.84,7.609226608,10.6,1.49,12.35,446.35,80.47,15.97853657,23404.97,617.48,16.79,0,2.209649035
Spain,2002,1.178401342,108.08,142.45,2.499687083,32956.5,4.056800456,5.93,7.613157391,11.5,1.48,10.74,456.51,81.2,14.99069396,23852.73,634.01,17.01,0,2.268460959
Spain,2003,1.173768823,107.13,147.76,2.509108393,32335.24,4.056162488,6.26,7.621465428,11.5,1.56,11.35,446.78,82.77,16.01055435,24495.06,699.61,16.96,0,2.286905353
Spain,2004,1.101403351,90.25,132.61,2.520077215,30442.92,4.0790227,6.51,7.628873557,11,1.54,11.68,459.3,84.19,16.02844924,25094.13,558.59,16.8,0,2.346000701
Spain,2005,1.072249898,84.33,126.18,2.529943402,35516.97,4.11333759,6.9,7.636451175,9.2,1.54,11.92,467.71,85.67,16.04770311,25778.8,445.7,16.56,0,2.369642518
Spain,2006,1.036628895,76.55,144.37,2.533949907,34531.53,4.16037578,7.26,7.643551092,8.5,1.52,11.86,478.37,87.08,16.06382106,26318.57,649.57,16.64,1,2.385230795
Spain,2007,0.999130541,68.82,145.12,2.536924409,34588.71,4.166275552,7.84,7.651129349,8.2,1.53,11.05,485.88,88.62,16.08307241,27035.12,589.25,16.54,1,2.414772858
Spain,2008,0.913283902,53.95,127.93,2.536065795,32900.92,4.22215751,8.19,7.659620932,11.3,1.43,10.24,484.9,90.37,16.0778764,26197.28,759.55,16.44,1,2.387354227
Spain,2009,0.850033258,46.06,116.41,2.545801757,33348.16,4.194451899,8.47,7.665011007,17.9,1.36,9.99,475.44,91.5,16.06419584,25071.91,690.55,16.56,1,2.328175661
Spain,2010,0.822821645,41.52,114.67,2.534825386,24800.19,4.193856436,8.6,7.66732797,18.1625,1.32,9.78,476.44,91.99,16.05514889,24424.87,856.29,16.8,1,2.32442651
Spain,2011,0.763427994,34.35,107.41,2.525070734,16248.67,4.118974959,8.76,7.669011512,18.1625,1.26,9.01,477.36,92.34,16.04036496,23516.47,596.52,17.11,1,2.317729134
Spain,2012,0.739572344,30.78,110.34,2.507923303,17162.13,4.03564023,8.88,7.670414898,18.1625,1.12,8.83,475.2,92.64,16.01795107,22260.71,575.25,17.36,1,2.301485766
Spain,2013,0.688419822,26.3,117.83,2.50179844,13369.65,4.063940646,9.06,7.66957618,18.1625,1.13,8.77,471.35,92.46,16.00440736,21619.42,778.1,17.68,1,2.286905353
Spain,2014,0.702430536,26.79,113.85,2.490941205,12325.72,4.031646756,9.05,7.667566882,18.1625,1.14,8.7,473.63,92.04,16.00996053,21998.04,748.16,18.15,1,2.293958886
Spain,2015,0.692846919,26.87,108.83,2.503177609,12604.43,4.037712878,9.24,7.666981661,18.1625,1.17,8.26,481.29,91.91,16.03209471,23179.64,588.97,18.5,1,2.323025094
Spain,2016,0.691081492,27.8,111.32,2.519670517,11068.17,4.026193213,9.33,7.666893146,18.1625,1.17,8.58,492.61,91.89,16.04680721,23982.83,709.06,18.72,1,2.338456494
Sweden,1998,0.706717782,41.03,74.71,1.953324696,9685.71,3.833112035,1.04,6.946826756,8.2,1.68,6.8,428.48,19.66,15.50635618,36268.84,929.69,17.43,0,1.53529412
Sweden,1999,0.694605199,44.72,69.55,2.005094675,8456.86,3.806574731,1.07,6.947155361,6.7,1.69,6.88,439.33,19.68,15.5093504,36491.49,769.73,17.37,0,1.534026106
Sweden,2000,0.710963119,48.41,65.22,2.019739233,8214.25,3.828002158,1.08,6.947503664,5.6,1.65,6.2,451.28,19.69,15.55152319,40180.58,966.76,17.29,0,1.56371834
Sweden,2001,0.684845362,45.37,65.64,2.024608796,8799.49,3.819274063,1.08,6.948549542,5.8,1.64,6.6,452.45,19.74,14.51441492,36801.82,800.25,17.23,0,1.546048866
Sweden,2002,0.688419822,46.47,72.69,2.031892988,11075.88,3.837744958,1.1,6.949835247,6,1.67,6.9,453.8,19.8,15.5243312,37540.47,668.28,17.2,0,1.575764981
Sweden,2003,0.669316881,44.07,77.3,2.034708651,11683.46,3.800308705,1.14,6.951375846,6.6,1.68,6.9,455.78,19.87,15.53674777,38492.36,699.5,17.16,0,1.575649615
Sweden,2004,0.631443769,39.55,75.25,2.038858502,11914.46,3.796730401,1.2,6.953066925,7.4,1.73,6.6,458.24,19.95,15.5532396,39826.56,765.23,17.17,0,1.57921178
Sweden,2005,0.608526034,36.62,76.85,2.037346804,10629.03,3.809671472,1.2,6.95479193,7.7,1.74,6.5,460.97,20.03,15.55769964,40078.02,785.28,17.25,0,1.59747579
Sweden,2006,0.615950052,37.36,79.06,2.037983949,11293.19,3.812687465,1.24,6.956540736,7.1,1.74,6.5,464.42,20.11,15.57695147,41726.5,822.08,17.3,0,1.611935625
Sweden,2007,0.614897216,37.75,80.56,2.04626098,7418.21,3.639560194,0.86,6.959673665,6.1,1.75,6.9,467.23,20.25,15.59829795,43513.94,798.25,17.35,0,1.618466492
Sweden,2008,0.568201724,32.23,82.26,2.043244354,8070.77,3.635531999,0.87,6.962981179,6.2,1.72,6.9,465.97,20.41,14.57714698,41130.99,799.4,17.52,0,1.637189422
Sweden,2009,0.532754379,28.3,74.56,2.040997692,7770.51,3.589505031,0.9,6.966439674,8.3,1.64,7.3,464.54,20.57,14.5195655,35737.16,781.49,17.77,0,1.556905269
Sweden,2010,0.445604203,20.66,72.43,2.03746634,8061.19,3.626210984,0.92,6.970378633,8.6,1.65,7.31,464.03,20.76,15.58683476,41347.67,727.41,18.1,0,1.571359393
Sweden,2011,0.499687083,24.96,70.6,2.041511113,9117.21,3.611269663,0.91,6.973846663,7.8,1.59,7.34,467.37,20.93,15.62482849,44769.51,886.74,18.45,0,1.578982843
Sweden,2012,0.445604203,20.46,73.85,2.038898212,10397,3.653930918,0.93,6.976939156,8,1.54,7.23,468.88,21.07,15.6397454,46004.87,897.57,18.82,0,1.537567257
Sweden,2013,0.45331834,20.82,64.19,2.038262407,9453.39,3.690368877,0.95,6.980271324,8,1.52,7.32,470.35,21.24,15.64696217,46418.42,709.46,19.13,0,1.538196578
Sweden,2014,0.432969291,19.6,57.85,2.046651217,8732.57,3.678128523,0.97,6.984296153,7.9,1.53,7.2,475.35,21.43,15.64281063,45553.07,783.29,19.41,0,1.633064273
Sweden,2015,0.436162647,19.9,63.75,2.052693942,8654.28,3.740661855,0.99,6.988886828,7.4,1.51,7.16,478.93,21.66,15.65680707,46549.99,883.78,19.62,0,1.62838893
Sweden,2016,0.418301291,18.78,61.2,2.062581984,9598.77,3.715990816,0.99,6.993481113,6.9,1.54,7.18,483.94,21.89,14.66219099,46634.52,728.12,19.77,0,1.640183192
United Kingdom,1998,0.622214023,34.75,102.65,2.704422938,16125.93,4.138276482,0.85,7.766372666,6.1,1.6,10.14,398.89,234.52,15.33565845,37093.08,1320.33,15.85,1,2.238046103
United Kingdom,1999,0.63447727,36.26,105.06,2.704422938,15788.76,4.168997783,0.85,7.767747039,5.9,1.6,10.16,409.25,235.26,16.16768234,37227.43,1198.24,15.83,1,2.223392092
United Kingdom,2000,0.635483747,36.05,104.49,2.704422938,18289.91,4.226063988,0.86,7.769268347,5.4,1.55,10.82,415.16,236.09,16.16768234,42164.4,1266.71,15.81,1,2.22172713
United Kingdom,2001,0.633468456,36.44,100.44,2.704422938,19219.75,4.222539857,0.86,7.770850407,5,1.5,11.29,425.85,236.95,16.16768234,41969.94,898.24,15.83,1,2.215531818
United Kingdom,2002,0.624282096,36.46,94.83,2.704422938,19961.36,4.217527371,0.86,7.772611861,5.1,1.48,11.31,435.2,237.91,16.16768234,42561.65,1337.91,15.87,1,2.217589215
United Kingdom,2003,0.635483747,37.29,92.41,2.704422938,16355.23,4.182252546,0.85,7.774527148,5,1.45,11.25,441,238.96,16.16768234,40442.72,958.56,15.9,1,2.225671043
United Kingdom,2004,0.602059991,33.77,91.5,2.704422938,15545.75,4.233511371,0.87,7.776655864,4.7,1.42,11.55,452.02,240.14,16.16768234,42611.36,1117.48,15.92,1,2.21391601
United Kingdom,2005,0.607455023,33.8,88.07,2.704422938,17459.88,4.244427799,0.88,7.779466984,4.8,1.4,11.37,457.28,241.69,16.16768234,43558.03,1075.9,15.92,1,2.21029176
United Kingdom,2006,0.59439255,32.53,84.39,2.704422938,18919.87,4.242457195,0.87,7.782618525,5.4,1.41,10.96,455.44,243.46,16.16768234,44466.6,1187.46,15.89,1,2.221362067
United Kingdom,2007,0.57863921,30.8,80.27,2.704422938,18043.5,4.215034207,0.87,7.785851245,5.3,1.41,11.14,458.47,245.27,15.44200916,45306.47,1146.51,15.88,1,2.235503196
United Kingdom,2008,0.523746467,25.3,72.81,2.704422938,16983.54,4.148951061,0.88,7.789380778,5.6,1.36,10.78,457.35,247.28,16.16768234,38123.95,1283.94,15.95,1,2.207634367
United Kingdom,2009,0.480006943,21.55,69.73,2.704422938,18068.05,4.076733991,0.88,7.792688197,7.6,1.32,10.14,455.29,249.17,16.16768234,32281.97,1344.07,16.09,1,2.147799949
United Kingdom,2010,0.481442629,20.92,93.99,2.704422938,17281.14,4.018826526,0.88,7.795950875,7.8,1.3,10.22,454.66,251.04,16.16768234,33302.59,1047.07,16.27,1,2.16935109
United Kingdom,2011,0.482873584,20.87,90.82,2.704422938,14197.46,3.943899932,0.88,7.799495854,8.1,1.28,10.02,451.7,253.1,16.16768234,32502.1,1230.61,16.44,1,2.175308825
United Kingdom,2012,0.44870632,18.43,87.51,2.704422938,13757.82,3.931611931,0.89,7.802740136,7.9,1.26,9.76,452.35,255,15.34222523,34631.85,1248.33,16.77,1,2.181700704
United Kingdom,2013,0.462397998,19.04,84.89,2.704422938,14542.79,3.880062643,0.89,7.80553717,7.5,1.24,9.65,456,256.65,16.16768234,33278.19,1147.29,17.19,1,2.148294097
United Kingdom,2014,0.457881897,19.01,85.76,2.704422938,18629.9,3.835230673,0.89,7.808556677,6.1,1.24,9.69,460.15,258.44,16.16768234,35797.49,1338.07,17.51,1,2.134782529
United Kingdom,2015,0.44870632,18.29,82.61,2.704422938,21525.71,3.875983304,0.89,7.811932709,5.3,1.23,9.82,466.44,260.3775,16.16768234,40682.07,1401.7,17.75,1,2.179264464
United Kingdom,2016,0.456366033,19,81.46,2.704422938,20128.35,3.770065153,0.89,7.815438572,4.8,1.23,9.81,471.87,260.3775,16.16768234,36868.23,1116.23,17.91,1,2.193235942
